Strategy,Accuracy,Accuracy Gain,Fraction SC,Avg Samples,Token Multiplier,Efficiency (sample),Efficiency (token),Efficiency (cost),Total Cost,Cost/Question,Cost/Correct,ROI (pts/$),Router Acc,Router Prec,Router Recall
all_sc,0.8779378316906747,0.03411675511751322,1.0,5.0,5.403014283236186,0.006823351023502644,0.006314392916444165,0.015376974584344203,2.713539,0.002057269901440485,0.00234329792746114,1.5376974584344203,0.1561789234268385,0.1561789234268385,1.0
probe_quantile_bottom_30pct,0.8521607278241091,0.0083396512509476,0.30022744503411675,2.200909780136467,2.178827599099319,0.003789183603169095,0.0038275865673791875,0.014350107804010626,1.076004,0.0008157725549658832,0.0009572989323843416,1.4350107804010626,0.6285064442759667,0.1414141414141414,0.27184466019417475
random_30pct,0.8498862774829417,0.006065200909780133,0.3146322971948446,2.258529188779378,2.3700201929020013,0.0026854649211144666,0.002559134697647247,0.008803146835370108,1.183829,0.0008975200909780137,0.0010560472792149867,0.8803146835370108,0.6125852918877938,0.13253012048192772,0.2669902912621359
probe_quantile_bottom_10pct,0.8453373768006065,0.0015163002274449777,0.10007581501137225,1.400303260045489,1.3908092823351685,0.0010828370330264892,0.0010902287227326452,0.007878848894503451,0.6872999999999999,0.0005210765731614859,0.0006164125560538116,0.7878848894503452,0.77710386656558,0.16666666666666666,0.10679611650485436
all_greedy,0.8438210765731615,0.0,0.0,1.0,1.0,0.0,0.0,0.0,0.49484799999999995,0.0003751690674753601,0.00044460736747529197,0.0,0.8438210765731615,0.0,0.0
probe_threshold_0.50,0.8438210765731615,0.0,0.0,1.0,1.0,0.0,0.0,0.0,0.49484799999999995,0.0003751690674753601,0.00044460736747529197,0.0,0.8438210765731615,0.0,0.0
