Strategy,Accuracy,Accuracy Gain,Fraction SC,Avg Samples,Token Multiplier,Efficiency (sample),Efficiency (token),Efficiency (cost),Total Cost,Cost/Question,Cost/Correct,ROI (pts/$),Router Acc,Router Prec,Router Recall
probe_threshold_0.50,0.8749052312357847,0.031084154662623154,0.6338134950720242,3.535253980288097,3.7262274616499185,0.008792622775037517,0.008341990654767905,0.022516754675965166,1.879934,0.0014252721758908264,0.0016290589254766032,2.2516754675965167,0.44806671721000757,0.18779904306220097,0.7621359223300971
all_sc,0.8870356330553449,0.04321455648218342,1.0,5.0,5.347683452852671,0.008642911296436684,0.008080986255671328,0.019591161596750877,2.705263,0.0020509954510993175,0.0023121905982905985,1.9591161596750877,0.1561789234268385,0.1561789234268385,1.0
probe_quantile_bottom_30pct,0.8597422289613343,0.01592115238817282,0.30022744503411675,2.200909780136467,2.4028199990306986,0.007233895969686514,0.006626027914948035,0.022094177090569607,1.220048,0.0009249795299469295,0.0010758800705467373,2.209417709056961,0.6815769522365428,0.2297979797979798,0.441747572815534
probe_quantile_bottom_10pct,0.8483699772554966,0.004548900682335044,0.10007581501137225,1.400303260045489,1.4750546903332225,0.003248511099079547,0.0030838861176784057,0.018592895725196172,0.7441019999999999,0.0005641410159211523,0.000664970509383378,1.8592895725196172,0.8013646702047005,0.2878787878787879,0.18446601941747573
random_30pct,0.8483699772554966,0.004548900682335044,0.3146322971948446,2.258529188779378,2.3468628889531375,0.0020140986908358254,0.0019382899204495783,0.006675609765967066,1.180865,0.0008952729340409401,0.0010552859696157284,0.6675609765967065,0.6125852918877938,0.13253012048192772,0.2669902912621359
all_greedy,0.8438210765731615,0.0,0.0,1.0,1.0,0.0,0.0,0.0,0.499444,0.0003786535253980288,0.00044873674752920036,0.0,0.8438210765731615,0.0,0.0
