,total_input_tokens,total_output_tokens,input_cost,output_cost,total_cost,num_questions,num_correct,accuracy,cost_per_question,cost_per_correct,cost_per_accuracy_point,strategy_name,cost_increase,accuracy_increase,roi,roi_pct
all_greedy,1500.0,12272.0,0.000375,0.012272,0.012647,15.0,2.0,0.13333333333333333,0.0008431333333333333,0.0063235,0.000948525,all_greedy,0.0,0.0,0.0,0.0
all_sc,7500.0,85810.0,0.001875,0.08581,0.087685,15.0,1.0,0.06666666666666667,0.0058456666666666665,0.087685,0.01315275,all_sc,0.075038,-0.06666666666666667,-0.8884387454066314,-88.84387454066314
random,3900.0,44330.0,0.000975,0.04433,0.045305,15.0,2.0,0.13333333333333333,0.003020333333333333,0.0226525,0.003397875,random,0.032658,0.0,0.0,0.0
probe_threshold,6300.0,66656.0,0.001575,0.066656,0.06823100000000001,15.0,2.0,0.13333333333333333,0.004548733333333334,0.03411550000000001,0.005117325000000001,probe_threshold,0.055584000000000015,0.0,0.0,0.0
probe_quantile,2300.0,20009.0,0.000575,0.020009,0.020583999999999998,15.0,2.0,0.13333333333333333,0.0013722666666666666,0.010291999999999999,0.0015437999999999997,probe_quantile,0.007936999999999998,0.0,0.0,0.0
