Strategy,Accuracy,Accuracy Gain,Fraction SC,Avg Samples,Efficiency,Router Acc,Router Prec,Router Recall
probe_threshold,0.8666666666666667,0.033333333333333326,0.6466666666666666,3.5866666666666664,0.009293680297397768,0.4533333333333333,0.20618556701030927,0.8
probe_quantile,0.8533333333333334,0.020000000000000018,0.3,2.2,0.009090909090909097,0.6933333333333334,0.26666666666666666,0.48
all_sc,0.86,0.026666666666666616,1.0,5.0,0.005333333333333324,0.16666666666666666,0.16666666666666666,1.0
probe_quantile,0.84,0.006666666666666599,0.1,1.4,0.004761904761904714,0.8,0.3333333333333333,0.2
all_greedy,0.8333333333333334,0.0,0.0,1.0,0.0,0.8333333333333334,0.0,0.0
random,0.8266666666666667,-0.00666666666666671,0.34,2.36,-0.002824858757062165,0.5866666666666667,0.13725490196078433,0.28
