,total_input_tokens,total_output_tokens,input_cost,output_cost,total_cost,num_questions,num_correct,accuracy,cost_per_question,cost_per_correct,cost_per_accuracy_point,strategy_name,cost_increase,accuracy_increase,roi,roi_pct
all_greedy,15000.0,47445.0,0.00375,0.047445,0.051195000000000004,150.0,125.0,0.8333333333333334,0.00034130000000000006,0.00040956000000000006,0.00061434,all_greedy,0.0,0.0,0.0,0.0
all_sc,75000.0,296695.0,0.01875,0.296695,0.315445,150.0,129.0,0.86,0.0021029666666666667,0.00244531007751938,0.0036679651162790693,all_sc,0.26425,0.026666666666666616,0.10091453796244149,10.09145379624415
random,35400.0,123228.0,0.00885,0.123228,0.132078,150.0,124.0,0.8266666666666667,0.00088052,0.0010651451612903227,0.0015977177419354838,random,0.080883,-0.00666666666666671,-0.08242358293367398,-8.242358293367397
probe_threshold,53800.0,190853.0,0.01345,0.190853,0.20430299999999998,150.0,130.0,0.8666666666666667,0.0013620199999999998,0.0015715615384615383,0.0023573423076923075,probe_threshold,0.15310799999999997,0.033333333333333326,0.2177112450790436,21.77112450790436
probe_quantile,21000.0,73451.0,0.00525,0.073451,0.07870100000000001,150.0,126.0,0.84,0.0005246733333333334,0.0006246111111111112,0.0009369166666666667,probe_quantile,0.027506000000000003,0.006666666666666599,0.24237136051877634,24.237136051877634
