Strategy,Accuracy,Accuracy Gain,Fraction SC,Avg Samples,Token Multiplier,Efficiency (sample),Efficiency (token),Efficiency (cost),Total Cost,Cost/Question,Cost/Correct,ROI (pts/$),Router Acc,Router Prec,Router Recall
probe_threshold_0.50,0.5238817285822593,0.026535253980288165,0.7975739196360879,4.190295678544352,4.441718813171694,0.006332549303419592,0.0059740958616288815,0.010462640227131222,3.265861,0.0024760128885519335,0.004726282199710565,1.0462640227131221,0.574677786201668,0.5484790874524715,0.8702865761689291
all_sc,0.5223654283548143,0.025018953752843076,1.0,5.0,5.227654040876423,0.005003790750568615,0.004785885515225987,0.00805163617338938,3.836983,0.002909009097801365,0.005568915820029028,0.805163617338938,0.5026535253980288,0.5026535253980288,1.0
random_30pct,0.5056861258529188,0.008339651250947655,0.3146322971948446,2.258529188779378,2.369678793620526,0.003692514266532379,0.003519317163743477,0.008253738091156803,1.7400790000000002,0.0013192410917361639,0.0026088140929535234,0.8253738091156803,0.49962092494313876,0.5036144578313253,0.3152337858220211
probe_quantile_bottom_30pct,0.5026535253980288,0.0053070507960575886,0.30022744503411675,2.200909780136467,2.3724545767232486,0.002411298656562163,0.0022369451656214646,0.005211119300848272,1.7480790000000002,0.001325306292645944,0.0026366199095022628,0.5211119300848271,0.5625473843821076,0.6085858585858586,0.363499245852187
probe_quantile_bottom_10pct,0.5003790750568613,0.003032600454890122,0.10007581501137225,1.400303260045489,1.440907801760812,0.0021656740660530973,0.0021046457317978546,0.009310051928537153,1.055404,0.0008001546626231994,0.0015990969696969698,0.9310051928537153,0.533737680060652,0.6818181818181818,0.13574660633484162
all_greedy,0.4973464746019712,0.0,0.0,1.0,1.0,0.0,0.0,0.0,0.7296699999999999,0.000553199393479909,0.0011123018292682925,0.0,0.4973464746019712,0.0,0.0
