Strategy,Accuracy,Accuracy Gain,Fraction SC,Avg Samples,Efficiency,Router Acc,Router Prec,Router Recall
all_sc,0.8779378316906747,0.03487490523123582,1.0,5.0,0.006974981046247164,0.15693707354056102,0.15693707354056102,1.0
random,0.8559514783927218,0.012888551933282866,0.3146322971948446,2.258529188779378,0.005706612957368278,0.6376042456406369,0.17349397590361446,0.34782608695652173
probe_quantile,0.8514025777103866,0.00833965125094771,0.30022744503411675,2.200909780136467,0.0037891836031691455,0.6277482941622441,0.1414141414141414,0.27053140096618356
probe_quantile,0.8453373768006065,0.0022744503411675776,0.10007581501137225,1.400303260045489,0.0016242555495398132,0.7763457164518575,0.16666666666666666,0.10628019323671498
all_greedy,0.8430629264594389,0.0,0.0,1.0,0.0,0.8430629264594389,0.0,0.0
probe_threshold,0.8430629264594389,0.0,0.0,1.0,0.0,0.8430629264594389,0.0,0.0
