Strategy,Accuracy,Accuracy Gain,Fraction SC,Avg Samples,Efficiency,Router Acc,Router Prec,Router Recall
probe_quantile,0.8620166793025019,0.018953752843063,0.30022744503411675,2.200909780136467,0.008611780916293521,0.6823351023502654,0.23232323232323232,0.4444444444444444
probe_threshold,0.8718726307808946,0.028809704321455687,0.6338134950720242,3.535253980288097,0.008149260132961625,0.4488248673237301,0.18899521531100477,0.7632850241545893
all_sc,0.8756633813495072,0.03260045489006824,1.0,5.0,0.0065200909780136485,0.15693707354056102,0.15693707354056102,1.0
random,0.8567096285064443,0.013646702047005355,0.3146322971948446,2.258529188779378,0.0060422960725075745,0.6376042456406369,0.17349397590361446,0.34782608695652173
probe_quantile,0.8476118271417741,0.004548900682335155,0.10007581501137225,1.400303260045489,0.0032485110990796264,0.800606520090978,0.2878787878787879,0.18357487922705315
all_greedy,0.8430629264594389,0.0,0.0,1.0,0.0,0.8430629264594389,0.0,0.0
