Strategy,Accuracy,Accuracy Gain,Fraction SC,Avg Samples,Efficiency,Router Acc,Router Prec,Router Recall
probe_quantile,0.8642911296436695,0.021228203184230576,0.30022744503411675,2.200909780136467,0.009645194626248752,0.714177407126611,0.28535353535353536,0.5458937198067633
probe_threshold,0.8620166793025019,0.018953752843063,0.31766489764973466,2.2706595905989384,0.008347245409015058,0.7012888551933283,0.27684964200477324,0.5603864734299517
random,0.8612585291887794,0.01819560272934051,0.3146322971948446,2.258529188779378,0.008056394763343449,0.6376042456406369,0.17349397590361446,0.34782608695652173
all_sc,0.8756633813495072,0.03260045489006824,1.0,5.0,0.0065200909780136485,0.15693707354056102,0.15693707354056102,1.0
probe_quantile,0.8468536770280516,0.0037907505686126663,0.10007581501137225,1.400303260045489,0.0027070925825663818,0.8036391205458681,0.30303030303030304,0.1932367149758454
all_greedy,0.8430629264594389,0.0,0.0,1.0,0.0,0.8430629264594389,0.0,0.0
