,total_input_tokens,total_output_tokens,input_cost,output_cost,total_cost,num_questions,num_correct,accuracy,cost_per_question,cost_per_correct,cost_per_accuracy_point,strategy_name,cost_increase,accuracy_increase,roi,roi_pct
all_greedy,131900.0,466627.0,0.032975,0.466627,0.499602,1319.0,1112.0,0.8430629264594389,0.00037877331311599694,0.00044928237410071944,0.0059260345143884886,all_greedy,0.0,0.0,0.0,0.0
all_sc,659500.0,2539155.0,0.164875,2.539155,2.70403,1319.0,1155.0,0.8756633813495072,0.0020500606520090976,0.0023411515151515153,0.030879788484848486,all_sc,2.204428,0.03260045489006824,0.014788623120641445,1.4788623120641446
random,297900.0,1127840.0,0.074475,1.12784,1.202315,1319.0,1136.0,0.8612585291887794,0.0009115352539802881,0.00105837588028169,0.013959977860915494,random,0.702713,0.01819560272934051,0.025893362904558723,2.589336290455872
probe_threshold,299500.0,1148986.0,0.074875,1.148986,1.223861,1319.0,1137.0,0.8620166793025019,0.0009278703563305535,0.0010763948988566404,0.014197648715919085,probe_threshold,0.7242590000000001,0.018953752843063,0.02616985476251729,2.6169854762517293
probe_quantile,184700.0,715309.0,0.046175,0.715309,0.7614839999999999,1319.0,1117.0,0.8468536770280516,0.0005773191811978771,0.0006817224709042076,0.008991919391226498,probe_quantile,0.26188199999999995,0.0037907505686126663,0.014475032904763076,1.4475032904763077
