Strategy,Accuracy,Accuracy Gain,Fraction SC,Avg Samples,Token Multiplier,Efficiency (sample),Efficiency (token),Efficiency (cost),Total Cost,Cost/Question,Cost/Correct,ROI (pts/$),Router Acc,Router Prec,Router Recall
random_30pct,0.2,0.06666666666666668,0.4,2.6,3.0806647750304013,0.025641025641025644,0.021640350877192988,2.299009127066235,0.042675,0.002845,0.014225,229.90091270662353,0.4,0.8333333333333334,0.38461538461538464
probe_threshold_0.50,0.2,0.06666666666666668,0.8,4.2,4.180651263342791,0.015873015873015876,0.015946478782198382,1.5332720024532356,0.057157,0.0038104666666666665,0.019052333333333334,153.32720024532355,0.6666666666666666,0.8333333333333334,0.7692307692307693
probe_quantile_bottom_30pct,0.13333333333333333,0.0,0.3333333333333333,2.3333333333333335,2.461626807188218,0.0,0.0,0.0,0.033812,0.0022541333333333333,0.016906,0.0,0.3333333333333333,0.8,0.3076923076923077
all_greedy,0.13333333333333333,0.0,0.0,1.0,1.0,0.0,0.0,0.0,0.013677,0.0009118,0.0068385,0.0,0.13333333333333333,0.0,0.0
probe_quantile_bottom_10pct,0.13333333333333333,0.0,0.13333333333333333,1.5333333333333334,1.668625861370085,0.0,0.0,0.0,0.022973999999999998,0.0015316,0.011486999999999999,0.0,0.26666666666666666,1.0,0.15384615384615385
all_sc,0.06666666666666667,-0.06666666666666667,1.0,5.0,5.734698013781921,-0.013333333333333332,-0.011625139895152264,-1.0165235909712373,0.07926,0.005284,0.07926,-101.65235909712374,0.8666666666666667,0.8666666666666667,1.0
