Strategy,Accuracy,Accuracy Gain,Fraction SC,Avg Samples,Token Multiplier,Efficiency (sample),Efficiency (token),Efficiency (cost),Total Cost,Cost/Question,Cost/Correct,ROI (pts/$),Router Acc,Router Prec,Router Recall
probe_quantile_bottom_30pct,0.26666666666666666,0.13333333333333333,0.3333333333333333,2.3333333333333335,2.6889294897821086,0.05714285714285714,0.04958602813498754,5.683675064296574,0.037112,0.0024741333333333335,0.009278,568.3675064296574,0.3333333333333333,0.8,0.3076923076923077
all_sc,0.2,0.06666666666666668,1.0,5.0,6.197997022601164,0.013333333333333336,0.010756163067449835,0.9218798974869555,0.085969,0.005731266666666667,0.028656333333333336,92.18798974869556,0.8666666666666667,0.8666666666666667,1.0
all_greedy,0.13333333333333333,0.0,0.0,1.0,1.0,0.0,0.0,0.0,0.013653,0.0009102,0.0068265,0.0,0.13333333333333333,0.0,0.0
random_30pct,0.13333333333333333,0.0,0.4,2.6,3.443158749492489,0.0,0.0,0.0,0.047957999999999994,0.0031971999999999994,0.023978999999999997,0.0,0.4,0.8333333333333334,0.38461538461538464
probe_threshold_0.50,0.13333333333333333,0.0,0.0,1.0,1.0,0.0,0.0,0.0,0.013653,0.0009102,0.0068265,0.0,0.13333333333333333,0.0,0.0
probe_quantile_bottom_10pct,0.13333333333333333,0.0,0.13333333333333333,1.5333333333333334,1.712342671538774,0.0,0.0,0.0,0.02358,0.001572,0.01179,0.0,0.13333333333333333,0.5,0.07692307692307693
