Strategy,Accuracy,Accuracy Gain,Fraction SC,Avg Samples,Efficiency,Router Acc,Router Prec,Router Recall
probe_quantile,0.2,0.06666666666666668,0.3333333333333333,2.3333333333333335,0.028571428571428574,0.3333333333333333,0.8,0.3076923076923077
probe_quantile,0.2,0.06666666666666668,0.5333333333333333,3.1333333333333333,0.021276595744680854,0.5333333333333333,0.875,0.5384615384615384
probe_threshold,0.2,0.06666666666666668,0.8,4.2,0.015873015873015876,0.6666666666666666,0.8333333333333334,0.7692307692307693
all_greedy,0.13333333333333333,0.0,0.0,1.0,0.0,0.13333333333333333,0.0,0.0
all_sc,0.13333333333333333,0.0,1.0,5.0,0.0,0.8666666666666667,0.8666666666666667,1.0
random,0.06666666666666667,-0.06666666666666667,0.4,2.6,-0.02564102564102564,0.4,0.8333333333333334,0.38461538461538464
